{
	"Version": 3,
	"Meta": {
		"Duration": 5.3,
		"Fps": 30.0,
		"Loop": true,
		"AreBeziersRestricted": true,
		"CurveCount": 65,
		"TotalSegmentCount": 330,
		"TotalPointCount": 885,
		"UserDataCount": 0,
		"TotalUserDataSize": 0
	},
	"Curves": [
		{
			"Target": "Model",
			"Id": "Opacity",
			"Segments": [
				0,
				1,
				1,
				1.756,
				1,
				3.511,
				1,
				5.267,
				1,
				0,
				5.3,
				1
			]
		},
		{
			"Target": "Model",
			"Id": "EyeBlink",
			"Segments": [
				0,
				1,
				0,
				5.3,
				1
			]
		},
		{
			"Target": "Model",
			"Id": "LipSync",
			"Segments": [
				0,
				0,
				0,
				5.3,
				0
			]
		},
		{
			"Target": "Parameter",
			"Id": "ParamAngleX",
			"Segments": [
				0,
				0,
				1,
				0.1,
				0,
				0.2,
				0,
				0.3,
				0,
				1,
				0.611,
				0,
				0.922,
				0,
				1.233,
				0,
				1,
				1.289,
				0,
				1.344,
				0,
				1.4,
				0,
				1,
				1.8,
				0,
				2.2,
				0,
				2.6,
				0,
				1,
				2.711,
				0,
				2.822,
				0,
				2.933,
				0,
				1,
				3.044,
				0,
				3.156,
				0,
				3.267,
				0,
				1,
				3.367,
				0,
				3.467,
				0,
				3.567,
				0,
				1,
				3.633,
				0,
				3.7,
				0,
				3.767,
				0,
				1,
				3.889,
				0,
				4.011,
				0,
				4.133,
				0,
				1,
				4.322,
				0,
				4.511,
				0,
				4.7,
				0,
				1,
				4.889,
				0,
				5.078,
				0,
				5.267,
				0,
				0,
				5.3,
				0
			]
		},
		{
			"Target": "Parameter",
			"Id": "ParamAngleY",
			"Segments": [
				0,
				0,
				1,
				0.1,
				0,
				0.2,
				0,
				0.3,
				0,
				1,
				0.611,
				0,
				0.922,
				0,
				1.233,
				0,
				1,
				1.289,
				0,
				1.344,
				0,
				1.4,
				0,
				1,
				1.822,
				0,
				2.244,
				0,
				2.667,
				0,
				1,
				2.778,
				0,
				2.889,
				13,
				3,
				13,
				1,
				3.111,
				13,
				3.222,
				-9.823,
				3.333,
				-9.823,
				1,
				3.411,
				-9.823,
				3.489,
				8.938,
				3.567,
				8.938,
				1,
				3.678,
				8.938,
				3.789,
				-5.187,
				3.9,
				-5.187,
				1,
				4.044,
				-5.187,
				4.189,
				3,
				4.333,
				3,
				1,
				4.556,
				3,
				4.778,
				0,
				5,
				0,
				1,
				5.089,
				0,
				5.178,
				0,
				5.267,
				0,
				0,
				5.3,
				0
			]
		},
		{
			"Target": "Parameter",
			"Id": "ParamAngleZ",
			"Segments": [
				0,
				0,
				1,
				0.1,
				0,
				0.2,
				0,
				0.3,
				0,
				1,
				1.956,
				0,
				3.611,
				0,
				5.267,
				0,
				0,
				5.3,
				0
			]
		},
		{
			"Target": "Parameter",
			"Id": "ParamTere",
			"Segments": [
				0,
				0,
				1,
				0.1,
				0,
				0.2,
				0,
				0.3,
				0,
				1,
				1.811,
				0,
				3.322,
				0,
				4.833,
				0,
				1,
				4.978,
				0,
				5.122,
				0,
				5.267,
				0,
				0,
				5.3,
				0
			]
		},
		{
			"Target": "Parameter",
			"Id": "ParamFaceForm",
			"Segments": [
				0,
				0,
				1,
				0.1,
				0,
				0.2,
				0,
				0.3,
				0,
				1,
				1.789,
				0,
				3.278,
				0,
				4.767,
				0,
				1,
				4.933,
				0,
				5.1,
				0,
				5.267,
				0,
				0,
				5.3,
				0
			]
		},
		{
			"Target": "Parameter",
			"Id": "ParamEyeLOpen",
			"Segments": [
				0,
				1,
				1,
				0.1,
				1,
				0.2,
				1,
				0.3,
				1,
				1,
				0.367,
				1,
				0.433,
				1,
				0.5,
				1,
				1,
				0.544,
				1,
				0.589,
				0,
				0.633,
				0,
				1,
				0.667,
				0,
				0.7,
				0,
				0.733,
				0,
				1,
				0.789,
				0,
				0.844,
				1.1,
				0.9,
				1.1,
				1,
				0.967,
				1.1,
				1.033,
				1,
				1.1,
				1,
				1,
				1.333,
				1,
				1.567,
				1,
				1.8,
				1,
				1,
				1.878,
				1,
				1.956,
				1.2,
				2.033,
				1.2,
				1,
				2.089,
				1.2,
				2.144,
				0,
				2.2,
				0,
				1,
				2.256,
				0,
				2.311,
				0,
				2.367,
				0,
				1,
				2.456,
				0,
				2.544,
				1,
				2.633,
				1,
				1,
				2.789,
				1,
				2.944,
				1,
				3.1,
				1,
				1,
				3.156,
				1,
				3.211,
				0,
				3.267,
				0,
				1,
				3.589,
				0,
				3.911,
				0,
				4.233,
				0,
				1,
				4.344,
				0,
				4.456,
				1,
				4.567,
				1,
				1,
				4.633,
				1,
				4.7,
				1,
				4.767,
				1,
				1,
				4.933,
				1,
				5.1,
				1,
				5.267,
				1,
				0,
				5.3,
				1
			]
		},
		{
			"Target": "Parameter",
			"Id": "ParamEyeLSmile",
			"Segments": [
				0,
				0,
				1,
				0.1,
				0,
				0.2,
				0,
				0.3,
				0,
				1,
				1.789,
				0,
				3.278,
				0,
				4.767,
				0,
				1,
				4.933,
				0,
				5.1,
				0,
				5.267,
				0,
				0,
				5.3,
				0
			]
		},
		{
			"Target": "Parameter",
			"Id": "ParamEyeROpen",
			"Segments": [
				0,
				1,
				1,
				0.1,
				1,
				0.2,
				1,
				0.3,
				1,
				1,
				0.367,
				1,
				0.433,
				1,
				0.5,
				1,
				1,
				0.544,
				1,
				0.589,
				0,
				0.633,
				0,
				1,
				0.667,
				0,
				0.7,
				0,
				0.733,
				0,
				1,
				0.789,
				0,
				0.844,
				1.1,
				0.9,
				1.1,
				1,
				0.967,
				1.1,
				1.033,
				1,
				1.1,
				1,
				1,
				1.333,
				1,
				1.567,
				1,
				1.8,
				1,
				1,
				1.878,
				1,
				1.956,
				1.2,
				2.033,
				1.2,
				1,
				2.089,
				1.2,
				2.144,
				0,
				2.2,
				0,
				1,
				2.256,
				0,
				2.311,
				0,
				2.367,
				0,
				1,
				2.456,
				0,
				2.544,
				1,
				2.633,
				1,
				1,
				2.789,
				1,
				2.944,
				1,
				3.1,
				1,
				1,
				3.156,
				1,
				3.211,
				0,
				3.267,
				0,
				1,
				3.589,
				0,
				3.911,
				0,
				4.233,
				0,
				1,
				4.344,
				0,
				4.456,
				1,
				4.567,
				1,
				1,
				4.633,
				1,
				4.7,
				1,
				4.767,
				1,
				1,
				4.933,
				1,
				5.1,
				1,
				5.267,
				1,
				0,
				5.3,
				1
			]
		},
		{
			"Target": "Parameter",
			"Id": "ParamEyeRSmile",
			"Segments": [
				0,
				0,
				1,
				0.1,
				0,
				0.2,
				0,
				0.3,
				0,
				1,
				1.789,
				0,
				3.278,
				0,
				4.767,
				0,
				1,
				4.933,
				0,
				5.1,
				0,
				5.267,
				0,
				0,
				5.3,
				0
			]
		},
		{
			"Target": "Parameter",
			"Id": "ParamEyeForm",
			"Segments": [
				0,
				0,
				1,
				0.1,
				0,
				0.2,
				0,
				0.3,
				0,
				1,
				1.811,
				0,
				3.322,
				0,
				4.833,
				0,
				1,
				4.978,
				0,
				5.122,
				0,
				5.267,
				0,
				0,
				5.3,
				0
			]
		},
		{
			"Target": "Parameter",
			"Id": "ParamEyeBallForm",
			"Segments": [
				0,
				0,
				1,
				0.1,
				0,
				0.2,
				0,
				0.3,
				0,
				1,
				1.811,
				0,
				3.322,
				0,
				4.833,
				0,
				1,
				4.978,
				0,
				5.122,
				0,
				5.267,
				0,
				0,
				5.3,
				0
			]
		},
		{
			"Target": "Parameter",
			"Id": "ParamTear",
			"Segments": [
				0,
				0,
				1,
				0.1,
				0,
				0.2,
				0,
				0.3,
				0,
				1,
				1.811,
				0,
				3.322,
				0,
				4.833,
				0,
				1,
				4.978,
				0,
				5.122,
				0,
				5.267,
				0,
				0,
				5.3,
				0
			]
		},
		{
			"Target": "Parameter",
			"Id": "ParamEyeBallX",
			"Segments": [
				0,
				0,
				1,
				0.1,
				0,
				0.2,
				0,
				0.3,
				0,
				1,
				0.5,
				0,
				0.7,
				0,
				0.9,
				0,
				1,
				1.133,
				0,
				1.367,
				0,
				1.6,
				0,
				1,
				1.744,
				0,
				1.889,
				-0.1,
				2.033,
				-0.1,
				1,
				2.144,
				-0.1,
				2.256,
				0,
				2.367,
				0,
				1,
				2.456,
				0,
				2.544,
				0,
				2.633,
				0,
				1,
				3.344,
				0,
				4.056,
				0,
				4.767,
				0,
				1,
				4.933,
				0,
				5.1,
				0,
				5.267,
				0,
				0,
				5.3,
				0
			]
		},
		{
			"Target": "Parameter",
			"Id": "ParamEyeBallY",
			"Segments": [
				0,
				0,
				1,
				0.1,
				0,
				0.2,
				0,
				0.3,
				0,
				1,
				0.5,
				0,
				0.7,
				0,
				0.9,
				0,
				1,
				1.133,
				0,
				1.367,
				0,
				1.6,
				0,
				1,
				1.667,
				0,
				1.733,
				-0.085,
				1.8,
				-0.2,
				1,
				1.878,
				-0.334,
				1.956,
				-0.38,
				2.033,
				-0.38,
				1,
				2.089,
				-0.38,
				2.144,
				-0.384,
				2.2,
				-0.3,
				1,
				2.256,
				-0.216,
				2.311,
				0,
				2.367,
				0,
				1,
				2.456,
				0,
				2.544,
				0,
				2.633,
				0,
				1,
				3.167,
				0,
				3.7,
				-0.1,
				4.233,
				-0.1,
				1,
				4.344,
				-0.1,
				4.456,
				0,
				4.567,
				0,
				1,
				4.633,
				0,
				4.7,
				0,
				4.767,
				0,
				1,
				4.933,
				0,
				5.1,
				0,
				5.267,
				0,
				0,
				5.3,
				0
			]
		},
		{
			"Target": "Parameter",
			"Id": "ParamBrowLY",
			"Segments": [
				0,
				0,
				1,
				0.1,
				0,
				0.2,
				0,
				0.3,
				0,
				1,
				0.367,
				0,
				0.433,
				0,
				0.5,
				0,
				1,
				0.556,
				0,
				0.611,
				-0.1,
				0.667,
				-0.1,
				1,
				0.689,
				-0.1,
				0.711,
				-0.1,
				0.733,
				-0.1,
				1,
				0.789,
				-0.1,
				0.844,
				0.1,
				0.9,
				0.1,
				1,
				0.967,
				0.1,
				1.033,
				0,
				1.1,
				0,
				1,
				1.411,
				0,
				1.722,
				0.5,
				2.033,
				0.5,
				1,
				2.089,
				0.5,
				2.144,
				-0.3,
				2.2,
				-0.3,
				1,
				2.256,
				-0.3,
				2.311,
				-0.3,
				2.367,
				-0.3,
				1,
				2.456,
				-0.3,
				2.544,
				-0.215,
				2.633,
				-0.2,
				1,
				3.511,
				-0.056,
				4.389,
				0,
				5.267,
				0,
				0,
				5.3,
				0
			]
		},
		{
			"Target": "Parameter",
			"Id": "ParamBrowRY",
			"Segments": [
				0,
				0,
				1,
				0.1,
				0,
				0.2,
				0,
				0.3,
				0,
				1,
				0.367,
				0,
				0.433,
				0,
				0.5,
				0,
				1,
				0.556,
				0,
				0.611,
				-0.1,
				0.667,
				-0.1,
				1,
				0.689,
				-0.1,
				0.711,
				-0.1,
				0.733,
				-0.1,
				1,
				0.789,
				-0.1,
				0.844,
				0.1,
				0.9,
				0.1,
				1,
				0.967,
				0.1,
				1.033,
				0,
				1.1,
				0,
				1,
				1.411,
				0,
				1.722,
				0.5,
				2.033,
				0.5,
				1,
				2.089,
				0.5,
				2.144,
				-0.3,
				2.2,
				-0.3,
				1,
				2.256,
				-0.3,
				2.311,
				-0.3,
				2.367,
				-0.3,
				1,
				2.456,
				-0.3,
				2.544,
				-0.215,
				2.633,
				-0.2,
				1,
				3.511,
				-0.056,
				4.389,
				0,
				5.267,
				0,
				0,
				5.3,
				0
			]
		},
		{
			"Target": "Parameter",
			"Id": "ParamBrowLX",
			"Segments": [
				0,
				0,
				1,
				0.1,
				0,
				0.2,
				0,
				0.3,
				0,
				1,
				0.567,
				0,
				0.833,
				0,
				1.1,
				0,
				1,
				1.411,
				0,
				1.722,
				0.2,
				2.033,
				0.2,
				1,
				2.233,
				0.2,
				2.433,
				-0.3,
				2.633,
				-0.3,
				1,
				3.511,
				-0.3,
				4.389,
				0,
				5.267,
				0,
				0,
				5.3,
				0
			]
		},
		{
			"Target": "Parameter",
			"Id": "ParamBrowRX",
			"Segments": [
				0,
				0,
				1,
				0.1,
				0,
				0.2,
				0,
				0.3,
				0,
				1,
				0.567,
				0,
				0.833,
				0,
				1.1,
				0,
				1,
				1.411,
				0,
				1.722,
				0.2,
				2.033,
				0.2,
				1,
				2.233,
				0.2,
				2.433,
				-0.3,
				2.633,
				-0.3,
				1,
				3.511,
				-0.3,
				4.389,
				0,
				5.267,
				0,
				0,
				5.3,
				0
			]
		},
		{
			"Target": "Parameter",
			"Id": "ParamBrowLAngle",
			"Segments": [
				0,
				0,
				1,
				0.1,
				0,
				0.2,
				0,
				0.3,
				0,
				1,
				0.567,
				0,
				0.833,
				-0.4,
				1.1,
				-0.4,
				1,
				1.411,
				-0.4,
				1.722,
				0.1,
				2.033,
				0.1,
				1,
				2.233,
				0.1,
				2.433,
				-0.4,
				2.633,
				-0.4,
				1,
				3.511,
				-0.4,
				4.389,
				0,
				5.267,
				0,
				0,
				5.3,
				0
			]
		},
		{
			"Target": "Parameter",
			"Id": "ParamBrowRAngle",
			"Segments": [
				0,
				0,
				1,
				0.1,
				0,
				0.2,
				0,
				0.3,
				0,
				1,
				0.567,
				0,
				0.833,
				-0.4,
				1.1,
				-0.4,
				1,
				1.411,
				-0.4,
				1.722,
				0.1,
				2.033,
				0.1,
				1,
				2.233,
				0.1,
				2.433,
				-0.4,
				2.633,
				-0.4,
				1,
				3.511,
				-0.4,
				4.389,
				0,
				5.267,
				0,
				0,
				5.3,
				0
			]
		},
		{
			"Target": "Parameter",
			"Id": "ParamBrowLForm",
			"Segments": [
				0,
				0,
				1,
				0.1,
				0,
				0.2,
				0,
				0.3,
				0,
				1,
				0.567,
				0,
				0.833,
				-0.35,
				1.1,
				-0.35,
				1,
				1.411,
				-0.35,
				1.722,
				0,
				2.033,
				0,
				1,
				2.233,
				0,
				2.433,
				-0.4,
				2.633,
				-0.4,
				1,
				3.511,
				-0.4,
				4.389,
				0,
				5.267,
				0,
				0,
				5.3,
				0
			]
		},
		{
			"Target": "Parameter",
			"Id": "ParamBrowRForm",
			"Segments": [
				0,
				0,
				1,
				0.1,
				0,
				0.2,
				0,
				0.3,
				0,
				1,
				0.567,
				0,
				0.833,
				-0.35,
				1.1,
				-0.35,
				1,
				1.411,
				-0.35,
				1.722,
				0,
				2.033,
				0,
				1,
				2.233,
				0,
				2.433,
				-0.4,
				2.633,
				-0.4,
				1,
				3.511,
				-0.4,
				4.389,
				0,
				5.267,
				0,
				0,
				5.3,
				0
			]
		},
		{
			"Target": "Parameter",
			"Id": "ParamMouthForm",
			"Segments": [
				0,
				0,
				1,
				0.156,
				0,
				0.311,
				0,
				0.467,
				0,
				1,
				0.522,
				0,
				0.578,
				-1,
				0.633,
				-1,
				1,
				0.933,
				-1,
				1.233,
				-1,
				1.533,
				-1,
				1,
				2.422,
				-1,
				3.311,
				-1,
				4.2,
				-1,
				1,
				4.411,
				-1,
				4.622,
				-1,
				4.833,
				-1,
				1,
				4.978,
				-1,
				5.122,
				0,
				5.267,
				0,
				0,
				5.3,
				0
			]
		},
		{
			"Target": "Parameter",
			"Id": "ParamMouthOpenY",
			"Segments": [
				0,
				0,
				1,
				0.156,
				0,
				0.311,
				0,
				0.467,
				0,
				1,
				0.767,
				0,
				1.067,
				0,
				1.367,
				0,
				1,
				1.5,
				0,
				1.633,
				0.6,
				1.767,
				0.6,
				1,
				1.844,
				0.6,
				1.922,
				0.608,
				2,
				0.5,
				1,
				2.067,
				0.408,
				2.133,
				0,
				2.2,
				0,
				1,
				2.344,
				0,
				2.489,
				0,
				2.633,
				0,
				1,
				3.367,
				0,
				4.1,
				0,
				4.833,
				0,
				1,
				4.978,
				0,
				5.122,
				0,
				5.267,
				0,
				0,
				5.3,
				0
			]
		},
		{
			"Target": "Parameter",
			"Id": "ParamScarf",
			"Segments": [
				0,
				0,
				1,
				0.1,
				0,
				0.2,
				0,
				0.3,
				0,
				1,
				1.811,
				0,
				3.322,
				0,
				4.833,
				0,
				1,
				4.978,
				0,
				5.122,
				0,
				5.267,
				0,
				0,
				5.3,
				0
			]
		},
		{
			"Target": "Parameter",
			"Id": "ParamBodyAngleX",
			"Segments": [
				0,
				0,
				1,
				0.1,
				0,
				0.2,
				0,
				0.3,
				0,
				1,
				0.622,
				0,
				0.944,
				0,
				1.267,
				0,
				1,
				1.5,
				0,
				1.733,
				2,
				1.967,
				2,
				1,
				2.133,
				2,
				2.3,
				0,
				2.467,
				0,
				1,
				2.778,
				0,
				3.089,
				0,
				3.4,
				0,
				1,
				3.878,
				0,
				4.356,
				0,
				4.833,
				0,
				1,
				4.978,
				0,
				5.122,
				0,
				5.267,
				0,
				0,
				5.3,
				0
			]
		},
		{
			"Target": "Parameter",
			"Id": "ParamBodyAngleY",
			"Segments": [
				0,
				0,
				1,
				0.1,
				0,
				0.2,
				0,
				0.3,
				0,
				1,
				0.6,
				0,
				0.9,
				0,
				1.2,
				0,
				1,
				1.433,
				0,
				1.667,
				3,
				1.9,
				3,
				1,
				2.067,
				3,
				2.233,
				0,
				2.4,
				0,
				1,
				2.511,
				0,
				2.622,
				0,
				2.733,
				0,
				1,
				2.844,
				0,
				2.956,
				4,
				3.067,
				4,
				1,
				3.156,
				4,
				3.244,
				-1,
				3.333,
				-1,
				1,
				3.422,
				-1,
				3.511,
				0.817,
				3.6,
				0.817,
				1,
				3.7,
				0.817,
				3.8,
				0,
				3.9,
				0,
				1,
				4.211,
				0,
				4.522,
				0,
				4.833,
				0,
				1,
				4.978,
				0,
				5.122,
				0,
				5.267,
				0,
				0,
				5.3,
				0
			]
		},
		{
			"Target": "Parameter",
			"Id": "ParamBodyAngleZ",
			"Segments": [
				0,
				0,
				1,
				0.1,
				0,
				0.2,
				0,
				0.3,
				0,
				1,
				0.567,
				0,
				0.833,
				-5,
				1.1,
				-5,
				1,
				1.333,
				-5,
				1.567,
				0,
				1.8,
				0,
				1,
				2.011,
				0,
				2.222,
				0,
				2.433,
				0,
				1,
				3.233,
				0,
				4.033,
				0,
				4.833,
				0,
				1,
				4.978,
				0,
				5.122,
				0,
				5.267,
				0,
				0,
				5.3,
				0
			]
		},
		{
			"Target": "Parameter",
			"Id": "ParamBodyUpper",
			"Segments": [
				0,
				0,
				1,
				0.1,
				0,
				0.2,
				0,
				0.3,
				0,
				1,
				1.956,
				0,
				3.611,
				0,
				5.267,
				0,
				0,
				5.3,
				0
			]
		},
		{
			"Target": "Parameter",
			"Id": "ParamBreath",
			"Segments": [
				0,
				0,
				1,
				0.1,
				0,
				0.2,
				0,
				0.3,
				0,
				1,
				1.811,
				0,
				3.322,
				0,
				4.833,
				0,
				1,
				4.978,
				0,
				5.122,
				0,
				5.267,
				0,
				0,
				5.3,
				0
			]
		},
		{
			"Target": "Parameter",
			"Id": "ParamBustY",
			"Segments": [
				0,
				0,
				1,
				0.1,
				0,
				0.2,
				0,
				0.3,
				0,
				1,
				1.811,
				0,
				3.322,
				0,
				4.833,
				0,
				1,
				4.978,
				0,
				5.122,
				0,
				5.267,
				0,
				0,
				5.3,
				0
			]
		},
		{
			"Target": "Parameter",
			"Id": "ParamArmLA",
			"Segments": [
				0,
				0.5,
				1,
				0.1,
				0.5,
				0.2,
				0.5,
				0.3,
				0.5,
				1,
				0.422,
				0.5,
				0.544,
				0.752,
				0.667,
				0.76,
				1,
				2.056,
				0.854,
				3.444,
				0.89,
				4.833,
				0.89,
				1,
				4.978,
				0.89,
				5.122,
				0.5,
				5.267,
				0.5,
				0,
				5.3,
				0.5
			]
		},
		{
			"Target": "Parameter",
			"Id": "ParamArmRA",
			"Segments": [
				0,
				0.5,
				1,
				0.1,
				0.5,
				0.2,
				0.5,
				0.3,
				0.5,
				1,
				0.422,
				0.5,
				0.544,
				0.748,
				0.667,
				0.76,
				1,
				2.056,
				0.897,
				3.444,
				0.95,
				4.833,
				0.95,
				1,
				4.978,
				0.95,
				5.122,
				0.5,
				5.267,
				0.5,
				0,
				5.3,
				0.5
			]
		},
		{
			"Target": "Parameter",
			"Id": "ParamArmLB",
			"Segments": [
				0,
				0.2,
				1,
				0.1,
				0.2,
				0.2,
				0.2,
				0.3,
				0.2,
				1,
				0.578,
				0.2,
				0.856,
				0.21,
				1.133,
				0.3,
				1,
				1.378,
				0.38,
				1.622,
				0.5,
				1.867,
				0.5,
				1,
				2.122,
				0.5,
				2.378,
				0.2,
				2.633,
				0.2,
				1,
				3.511,
				0.2,
				4.389,
				0.2,
				5.267,
				0.2,
				0,
				5.3,
				0.2
			]
		},
		{
			"Target": "Parameter",
			"Id": "ParamArmRB",
			"Segments": [
				0,
				0.2,
				1,
				0.1,
				0.2,
				0.2,
				0.2,
				0.3,
				0.2,
				1,
				0.556,
				0.2,
				0.811,
				0.211,
				1.067,
				0.3,
				1,
				1.311,
				0.386,
				1.556,
				0.5,
				1.8,
				0.5,
				1,
				2.056,
				0.5,
				2.311,
				0.2,
				2.567,
				0.2,
				1,
				3.467,
				0.2,
				4.367,
				0.2,
				5.267,
				0.2,
				0,
				5.3,
				0.2
			]
		},
		{
			"Target": "Parameter",
			"Id": "ParamHandChangeR",
			"Segments": [
				0,
				0,
				1,
				0.1,
				0,
				0.2,
				0,
				0.3,
				0,
				1,
				1.811,
				0,
				3.322,
				0,
				4.833,
				0,
				1,
				4.978,
				0,
				5.122,
				0,
				5.267,
				0,
				0,
				5.3,
				0
			]
		},
		{
			"Target": "Parameter",
			"Id": "ParamHandAngleR",
			"Segments": [
				0,
				0.66,
				1,
				0.1,
				0.66,
				0.2,
				0.66,
				0.3,
				0.66,
				1,
				0.622,
				0.66,
				0.944,
				0.663,
				1.267,
				0.64,
				1,
				1.522,
				0.621,
				1.778,
				0.12,
				2.033,
				0.12,
				1,
				2.178,
				0.12,
				2.322,
				0.66,
				2.467,
				0.66,
				1,
				3.256,
				0.66,
				4.044,
				0.66,
				4.833,
				0.66,
				1,
				4.978,
				0.66,
				5.122,
				0.66,
				5.267,
				0.66,
				0,
				5.3,
				0.66
			]
		},
		{
			"Target": "Parameter",
			"Id": "ParamHandDhangeL",
			"Segments": [
				0,
				0,
				1,
				1.611,
				0,
				3.222,
				0,
				4.833,
				0,
				1,
				4.978,
				0,
				5.122,
				0,
				5.267,
				0,
				0,
				5.3,
				0
			]
		},
		{
			"Target": "Parameter",
			"Id": "ParamHandAngleL",
			"Segments": [
				0,
				-1,
				1,
				0.1,
				-1,
				0.2,
				-1,
				0.3,
				-1,
				1,
				0.589,
				-1,
				0.878,
				-1,
				1.167,
				-1,
				1,
				1.433,
				-1,
				1.7,
				-0.68,
				1.967,
				-0.68,
				1,
				2.133,
				-0.68,
				2.3,
				-1,
				2.467,
				-1,
				1,
				3.256,
				-1,
				4.044,
				-1,
				4.833,
				-1,
				1,
				4.978,
				-1,
				5.122,
				-1,
				5.267,
				-1,
				0,
				5.3,
				-1
			]
		},
		{
			"Target": "Parameter",
			"Id": "ParamHairFront",
			"Segments": [
				0,
				0,
				1,
				0.1,
				0,
				0.2,
				0,
				0.3,
				0,
				1,
				1.811,
				0,
				3.322,
				0,
				4.833,
				0,
				1,
				4.978,
				0,
				5.122,
				0,
				5.267,
				0,
				0,
				5.3,
				0
			]
		},
		{
			"Target": "Parameter",
			"Id": "ParamHairSide",
			"Segments": [
				0,
				0,
				1,
				0.1,
				0,
				0.2,
				0,
				0.3,
				0,
				1,
				1.811,
				0,
				3.322,
				0,
				4.833,
				0,
				1,
				4.978,
				0,
				5.122,
				0,
				5.267,
				0,
				0,
				5.3,
				0
			]
		},
		{
			"Target": "Parameter",
			"Id": "ParamHairBack",
			"Segments": [
				0,
				0,
				1,
				0.1,
				0,
				0.2,
				0,
				0.3,
				0,
				1,
				1.811,
				0,
				3.322,
				0,
				4.833,
				0,
				1,
				4.978,
				0,
				5.122,
				0,
				5.267,
				0,
				0,
				5.3,
				0
			]
		},
		{
			"Target": "PartOpacity",
			"Id": "Part01Core",
			"Segments": [
				0,
				1,
				2,
				5.267,
				1,
				0,
				5.3,
				1
			]
		},
		{
			"Target": "PartOpacity",
			"Id": "Part01Hoho001",
			"Segments": [
				0,
				1,
				2,
				5.267,
				1,
				0,
				5.3,
				1
			]
		},
		{
			"Target": "PartOpacity",
			"Id": "Part01Brow001",
			"Segments": [
				0,
				1,
				2,
				5.267,
				1,
				0,
				5.3,
				1
			]
		},
		{
			"Target": "PartOpacity",
			"Id": "Part01Tear",
			"Segments": [
				0,
				1,
				2,
				5.267,
				1,
				0,
				5.3,
				1
			]
		},
		{
			"Target": "PartOpacity",
			"Id": "Part01EyeBall001",
			"Segments": [
				0,
				1,
				2,
				5.267,
				1,
				0,
				5.3,
				1
			]
		},
		{
			"Target": "PartOpacity",
			"Id": "Part01Eye001",
			"Segments": [
				0,
				1,
				2,
				5.267,
				1,
				0,
				5.3,
				1
			]
		},
		{
			"Target": "PartOpacity",
			"Id": "Part01Nose001",
			"Segments": [
				0,
				1,
				2,
				5.267,
				1,
				0,
				5.3,
				1
			]
		},
		{
			"Target": "PartOpacity",
			"Id": "Part01Mouth001",
			"Segments": [
				0,
				1,
				2,
				5.267,
				1,
				0,
				5.3,
				1
			]
		},
		{
			"Target": "PartOpacity",
			"Id": "Part01Face001",
			"Segments": [
				0,
				1,
				2,
				5.267,
				1,
				0,
				5.3,
				1
			]
		},
		{
			"Target": "PartOpacity",
			"Id": "Part01Ear001",
			"Segments": [
				0,
				1,
				2,
				5.267,
				1,
				0,
				5.3,
				1
			]
		},
		{
			"Target": "PartOpacity",
			"Id": "Part01Neck001",
			"Segments": [
				0,
				1,
				2,
				5.267,
				1,
				0,
				5.3,
				1
			]
		},
		{
			"Target": "PartOpacity",
			"Id": "Part01HairFront001",
			"Segments": [
				0,
				1,
				2,
				5.267,
				1,
				0,
				5.3,
				1
			]
		},
		{
			"Target": "PartOpacity",
			"Id": "Part01HairSide001",
			"Segments": [
				0,
				1,
				2,
				5.267,
				1,
				0,
				5.3,
				1
			]
		},
		{
			"Target": "PartOpacity",
			"Id": "Part01HairBack001",
			"Segments": [
				0,
				1,
				2,
				5.267,
				1,
				0,
				5.3,
				1
			]
		},
		{
			"Target": "PartOpacity",
			"Id": "Part01ArmRB001",
			"Segments": [
				0,
				1,
				2,
				5.267,
				1,
				0,
				5.3,
				1
			]
		},
		{
			"Target": "PartOpacity",
			"Id": "Part01ArmLB001",
			"Segments": [
				0,
				1,
				2,
				5.267,
				1,
				0,
				5.3,
				1
			]
		},
		{
			"Target": "PartOpacity",
			"Id": "Part01ArmRA001",
			"Segments": [
				0,
				0,
				2,
				5.267,
				0,
				0,
				5.3,
				0
			]
		},
		{
			"Target": "PartOpacity",
			"Id": "Part01ArmLA001",
			"Segments": [
				0,
				0,
				2,
				5.267,
				0,
				0,
				5.3,
				0
			]
		},
		{
			"Target": "PartOpacity",
			"Id": "Part01Body001",
			"Segments": [
				0,
				1,
				2,
				5.267,
				1,
				0,
				5.3,
				1
			]
		},
		{
			"Target": "PartOpacity",
			"Id": "Part01Sketch",
			"Segments": [
				0,
				0,
				2,
				5.267,
				0,
				0,
				5.3,
				0
			]
		}
	]
}